Song,,artist,,genre,,year,rating
PYAAR?,,Naam Sujal,,dhh,,2023,10
barse/naina,,rumii,,indie,,2020,10
Hotel California,,Eagles,, indie rock,,2013,8.5
je te lasserai des mots,,Patrick Watson,,classical,,2019,10
Rakhlo tum chupake,,arpit bala,,indie,,2023,8
her,,The American dawn,,rnb,,2020,7.5
We are the people,,Empire Of the Sun,,indie,,2016,9.5
Dafli wale,,Naam Sujal,,dhh,,2023,7.5
nazraan,,nanku,,indie,,2021,9
kamikaze,,nanku,,indie,,2022,6
kaafizyada,,nanku,,indie,,2020,8
popular,,weeknd,,pop,,2023,7
without me,,halsey,,pop,,2007,8
Heart to heart,,Mac DeMarco,,rnb,,2020,10
Shut up my mom is calling,,Hotel ugly,,rnb,,2019,10
Sheher se duur,,Naam Sujal,,dhh,,2020,7.5